"","ID","RP","SP","RP_journey","SP_task","av_car","av_rail","time_car","cost_car","time_rail","cost_rail","business","access_rail","service_rail","female","income","choice"
"129",9,1,0,1,NA,1,1,250,45,155,65,1,15,0,0,52.314,1
"145",10,1,0,1,NA,1,1,345,45,130,35,0,5,0,0,66.143,1
"146",10,1,0,2,NA,1,1,275,50,120,45,0,15,0,0,66.143,1
"161",11,1,0,1,NA,1,1,300,30,155,75,0,25,0,1,26.718,1
"178",12,1,0,2,NA,1,1,300,35,140,45,0,20,0,0,47.709,1
"194",13,1,0,2,NA,1,1,275,50,120,75,1,15,0,0,55.038,1
"226",15,1,0,2,NA,1,1,250,50,120,75,1,10,0,0,34.56,2
"241",16,1,0,1,NA,1,1,275,35,140,65,1,20,0,1,70.011,2
"242",16,1,0,2,NA,1,1,345,35,120,75,1,10,0,1,70.011,2
"273",18,1,0,1,NA,1,1,300,45,120,35,0,10,0,1,64.183,1
"274",18,1,0,2,NA,1,1,250,40,170,35,0,25,0,1,64.183,1
"289",19,1,0,1,NA,1,1,390,30,130,75,0,15,0,0,67.591,1
"321",21,1,0,1,NA,1,1,275,50,120,75,1,15,0,1,23.717,2
"322",21,1,0,2,NA,1,1,250,45,170,45,1,20,0,1,23.717,1
"353",23,1,0,1,NA,1,1,345,35,130,75,0,15,0,1,23.005,1
"369",24,1,0,1,NA,1,1,300,40,170,45,0,15,0,1,61.433,2
"385",25,1,0,1,NA,1,1,345,30,155,55,0,20,0,0,20.982,1
"418",27,1,0,2,NA,1,1,275,40,170,35,0,15,0,1,60.373,2
"465",30,1,0,1,NA,1,1,390,35,155,55,0,15,0,1,51.858,1
"481",31,1,0,1,NA,1,1,250,40,170,35,1,25,0,1,50.941,1
"482",31,1,0,2,NA,1,1,300,45,140,55,1,10,0,1,50.941,1
"497",32,1,0,1,NA,1,1,275,45,130,35,0,15,0,0,26.155,2
"513",33,1,0,1,NA,1,1,345,35,130,75,0,15,0,1,45.59,1
"529",34,1,0,1,NA,1,1,300,50,130,75,1,10,0,0,37.323,2
"530",34,1,0,2,NA,1,1,345,45,120,45,1,10,0,0,37.323,2
"577",37,1,0,1,NA,1,1,250,45,170,35,1,15,0,0,47.727,2
"578",37,1,0,2,NA,1,1,275,50,120,55,1,5,0,0,47.727,1
"593",38,1,0,1,NA,1,1,300,40,130,75,0,10,0,1,55.826,1
"594",38,1,0,2,NA,1,1,250,40,155,75,0,25,0,1,55.826,2
"609",39,1,0,1,NA,1,1,250,45,120,75,1,5,0,1,50.675,2
"610",39,1,0,2,NA,1,1,390,35,120,75,1,15,0,1,50.675,2
"625",40,1,0,1,NA,1,1,390,35,130,75,0,25,0,0,55.461,1
"626",40,1,0,2,NA,1,1,390,35,140,55,0,5,0,0,55.461,1
"657",42,1,0,1,NA,1,1,300,40,170,35,0,25,0,0,69.128,1
"658",42,1,0,2,NA,1,1,250,35,155,55,0,20,0,0,69.128,1
"689",44,1,0,1,NA,1,1,345,40,130,45,0,10,0,1,15.787,1
"690",44,1,0,2,NA,1,1,390,30,120,65,0,25,0,1,15.787,1
"705",45,1,0,1,NA,1,1,345,30,155,55,0,20,0,1,18.751,1
"706",45,1,0,2,NA,1,1,300,50,130,75,0,5,0,1,18.751,2
"737",47,1,0,1,NA,1,1,275,45,155,35,0,5,0,0,35.256,1
"738",47,1,0,2,NA,1,1,275,30,155,65,0,25,0,0,35.256,1
"754",48,1,0,2,NA,1,1,250,40,155,75,0,25,0,1,67.332,1
"769",49,1,0,1,NA,1,1,250,45,155,45,0,20,0,0,27.803,1
"770",49,1,0,2,NA,1,1,300,30,155,45,0,25,0,0,27.803,1
"801",51,1,0,1,NA,1,1,275,45,170,35,1,10,0,0,38.408,1
"802",51,1,0,2,NA,1,1,275,45,140,65,1,15,0,0,38.408,2
"849",54,1,0,1,NA,1,1,300,50,130,75,0,10,0,1,65.869,2
"881",56,1,0,1,NA,1,1,250,30,140,65,0,15,0,0,44.219,1
"882",56,1,0,2,NA,1,1,345,35,170,45,0,5,0,0,44.219,1
"897",57,1,0,1,NA,1,1,250,45,170,35,0,15,0,1,69.848,1
"946",60,1,0,2,NA,1,1,275,50,120,45,1,20,0,0,31.429,2
"962",61,1,0,2,NA,1,1,250,50,130,75,0,15,0,1,64.092,1
"993",63,1,0,1,NA,1,1,300,40,140,55,0,25,0,1,32.76,1
"994",63,1,0,2,NA,1,1,275,50,120,75,0,15,0,1,32.76,2
"1010",64,1,0,2,NA,1,1,345,40,140,35,0,5,0,0,33.642,2
"1025",65,1,0,1,NA,1,1,275,50,140,35,1,15,0,1,53.467,2
"1058",67,1,0,2,NA,1,1,300,45,170,45,0,5,0,1,36.432,2
"1105",70,1,0,1,NA,1,1,390,35,130,75,0,25,0,1,70.328,1
"1106",70,1,0,2,NA,1,1,250,50,130,65,0,10,0,1,70.328,1
"1121",71,1,0,1,NA,1,1,300,30,155,75,1,25,0,0,69.148,2
"1122",71,1,0,2,NA,1,1,300,45,140,55,1,10,0,0,69.148,2
"1137",72,1,0,1,NA,1,1,250,50,140,55,0,25,0,1,66.882,1
"1138",72,1,0,2,NA,1,1,390,35,140,75,0,20,0,1,66.882,2
"1153",73,1,0,1,NA,1,1,250,45,120,75,0,10,0,1,68.933,1
"1154",73,1,0,2,NA,1,1,345,45,120,45,0,5,0,1,68.933,2
"1169",74,1,0,1,NA,1,1,300,50,130,75,1,10,0,1,66.077,1
"1170",74,1,0,2,NA,1,1,250,50,140,65,1,20,0,1,66.077,2
"1185",75,1,0,1,NA,1,1,250,45,170,35,1,25,0,1,47.83,1
"1186",75,1,0,2,NA,1,1,300,35,170,35,1,25,0,1,47.83,2
"1202",76,1,0,2,NA,1,1,345,40,155,45,0,5,0,0,68.242,2
"1217",77,1,0,1,NA,1,1,300,45,155,65,1,20,0,1,68.37,1
"1233",78,1,0,1,NA,1,1,275,50,120,65,0,10,0,1,22.619,1
"1234",78,1,0,2,NA,1,1,250,40,170,35,0,25,0,1,22.619,2
"1250",79,1,0,2,NA,1,1,390,35,120,75,1,15,0,1,47.084,2
"1265",80,1,0,1,NA,1,1,250,50,120,45,1,20,0,0,55.141,2
"1266",80,1,0,2,NA,1,1,275,50,120,45,1,20,0,0,55.141,1
"1282",81,1,0,2,NA,1,1,250,45,170,45,1,20,0,1,17.486,2
"1297",82,1,0,1,NA,1,1,275,45,130,35,1,15,0,0,58.964,2
"1313",83,1,0,1,NA,1,1,390,30,140,55,0,15,0,0,71.842,1
"1314",83,1,0,2,NA,1,1,345,30,155,55,0,10,0,0,71.842,1
"1330",84,1,0,2,NA,1,1,345,45,120,45,0,10,0,0,38.864,1
"1361",86,1,0,1,NA,1,1,300,35,155,45,0,15,0,1,58.107,2
"1425",90,1,0,1,NA,1,1,300,45,120,55,1,5,0,1,74.61,2
"1457",92,1,0,1,NA,1,1,345,40,130,55,0,20,0,1,26.313,2
"1489",94,1,0,1,NA,1,1,390,30,140,65,0,25,0,1,23.129,1
"1490",94,1,0,2,NA,1,1,345,45,120,45,0,10,0,1,23.129,1
"1537",97,1,0,1,NA,1,1,275,45,170,55,0,25,0,1,67.742,1
"1538",97,1,0,2,NA,1,1,390,30,120,65,0,15,0,1,67.742,2
"1569",99,1,0,1,NA,1,1,250,45,155,45,0,20,0,0,40.152,1
"1570",99,1,0,2,NA,1,1,300,30,155,45,0,25,0,0,40.152,1
"1585",100,1,0,1,NA,1,1,300,45,120,55,0,5,0,1,40.751,2
"1586",100,1,0,2,NA,1,1,275,50,120,45,0,15,0,1,40.751,2
"1601",101,1,0,1,NA,1,1,250,50,120,75,0,5,0,0,63.534,1
"1602",101,1,0,2,NA,1,1,275,45,140,65,0,15,0,0,63.534,2
"1618",102,1,0,2,NA,1,1,275,50,155,35,0,20,0,1,53.667,1
"1665",105,1,0,1,NA,1,1,345,30,155,55,0,20,0,1,46.516,1
"1666",105,1,0,2,NA,1,1,300,50,130,75,0,5,0,1,46.516,2
"1681",106,1,0,1,NA,1,1,300,45,120,65,0,5,0,0,54.971,1
"1682",106,1,0,2,NA,1,1,390,30,120,55,0,15,0,0,54.971,1
"1697",107,1,0,1,NA,1,1,300,45,155,65,0,20,0,1,68.775,1
"1698",107,1,0,2,NA,1,1,250,40,140,75,0,20,0,1,68.775,1
"1714",108,1,0,2,NA,1,1,300,40,170,65,0,25,0,0,66.027,1
"1729",109,1,0,1,NA,1,1,250,45,120,75,1,5,0,0,48.713,1
"1730",109,1,0,2,NA,1,1,300,30,155,45,1,25,0,0,48.713,2
"1793",113,1,0,1,NA,1,1,345,35,140,55,0,5,0,1,55.154,1
"1794",113,1,0,2,NA,1,1,275,50,120,75,0,15,0,1,55.154,1
"1809",114,1,0,1,NA,1,1,390,30,140,65,0,25,0,0,69.275,1
"1810",114,1,0,2,NA,1,1,345,40,140,35,0,5,0,0,69.275,2
"1825",115,1,0,1,NA,1,1,390,40,130,75,0,15,0,1,41.365,1
"1826",115,1,0,2,NA,1,1,345,35,170,45,0,5,0,1,41.365,2
"1841",116,1,0,1,NA,1,1,390,35,130,35,1,10,0,1,54.683,2
"1842",116,1,0,2,NA,1,1,250,50,120,65,1,10,0,1,54.683,2
"1857",117,1,0,1,NA,1,1,275,45,155,35,1,5,0,1,58.971,2
"1858",117,1,0,2,NA,1,1,300,45,170,45,1,5,0,1,58.971,2
"1873",118,1,0,1,NA,1,1,300,45,120,35,0,10,0,0,26.671,1
"1874",118,1,0,2,NA,1,1,250,40,170,45,0,10,0,0,26.671,1
"1890",119,1,0,2,NA,1,1,300,30,155,45,1,25,0,0,33.07,1
"1921",121,1,0,1,NA,1,1,390,30,140,55,0,5,0,1,68.211,1
"1922",121,1,0,2,NA,1,1,250,50,130,75,0,15,0,1,68.211,1
"1937",122,1,0,1,NA,1,1,390,35,140,45,0,20,0,1,24.945,2
"1953",123,1,0,1,NA,1,1,250,45,140,65,0,20,0,0,48.302,1
"1954",123,1,0,2,NA,1,1,250,40,155,45,0,25,0,0,48.302,2
"1969",124,1,0,1,NA,1,1,345,40,120,45,1,10,0,1,45.291,2
"1986",125,1,0,2,NA,1,1,250,30,170,55,0,20,0,0,66.483,2
"2001",126,1,0,1,NA,1,1,300,35,155,45,1,15,0,0,22.499,1
"2017",127,1,0,1,NA,1,1,275,45,155,35,1,5,0,0,25.142,2
"2018",127,1,0,2,NA,1,1,275,30,155,65,1,25,0,0,25.142,2
"2034",128,1,0,2,NA,1,1,250,40,170,45,1,10,0,1,17.893,2
"2049",129,1,0,1,NA,1,1,250,45,155,45,0,20,0,1,59.153,2
"2050",129,1,0,2,NA,1,1,250,50,120,55,0,25,0,1,59.153,2
"2065",130,1,0,1,NA,1,1,250,50,120,45,1,20,0,0,31.846,2
"2066",130,1,0,2,NA,1,1,275,50,130,65,1,15,0,0,31.846,2
"2081",131,1,0,1,NA,1,1,250,40,170,35,0,25,0,1,25.541,1
"2082",131,1,0,2,NA,1,1,300,45,140,55,0,10,0,1,25.541,1
"2114",133,1,0,2,NA,1,1,300,45,155,65,0,20,0,0,54.431,1
"2129",134,1,0,1,NA,1,1,345,40,140,45,0,10,0,0,33.881,2
"2130",134,1,0,2,NA,1,1,250,35,170,45,0,25,0,0,33.881,1
"2161",136,1,0,1,NA,1,1,300,35,155,45,0,15,0,0,62.71,1
"2162",136,1,0,2,NA,1,1,345,35,120,75,0,10,0,0,62.71,2
"2177",137,1,0,1,NA,1,1,250,50,120,65,0,20,0,0,62.075,2
"2178",137,1,0,2,NA,1,1,250,40,140,75,0,20,0,0,62.075,1
"2193",138,1,0,1,NA,1,1,275,50,120,65,1,10,0,1,51.15,2
"2194",138,1,0,2,NA,1,1,300,40,170,65,1,25,0,1,51.15,2
"2225",140,1,0,1,NA,1,1,300,45,120,55,0,5,0,0,25.239,2
"2226",140,1,0,2,NA,1,1,275,50,120,45,0,20,0,0,25.239,1
"2242",141,1,0,2,NA,1,1,390,35,140,55,0,10,0,1,54.952,1
"2257",142,1,0,1,NA,1,1,390,35,140,45,0,20,0,1,50.504,1
"2289",144,1,0,1,NA,1,1,345,40,130,45,0,10,0,0,26.245,1
"2290",144,1,0,2,NA,1,1,345,45,120,45,0,10,0,0,26.245,2
"2321",146,1,0,1,NA,1,1,250,50,140,75,0,10,0,1,38.009,1
"2369",149,1,0,1,NA,1,1,250,45,120,75,1,5,0,1,53.495,1
"2370",149,1,0,2,NA,1,1,345,50,155,45,1,5,0,1,53.495,1
"2385",150,1,0,1,NA,1,1,390,35,155,55,1,15,0,0,39.034,2
"2401",151,1,0,1,NA,1,1,275,45,170,35,0,10,0,1,18.888,2
"2402",151,1,0,2,NA,1,1,390,30,170,35,0,25,0,1,18.888,1
"2434",153,1,0,2,NA,1,1,300,50,130,75,0,15,0,0,46.029,1
"2465",155,1,0,1,NA,1,1,275,40,170,35,0,25,0,1,52.268,1
"2481",156,1,0,1,NA,1,1,300,45,120,65,0,5,0,1,33.95,2
"2482",156,1,0,2,NA,1,1,275,40,170,55,0,25,0,1,33.95,1
"2497",157,1,0,1,NA,1,1,275,45,155,35,0,5,0,1,62.243,2
"2498",157,1,0,2,NA,1,1,250,40,140,75,0,20,0,1,62.243,1
"2545",160,1,0,1,NA,1,1,390,35,155,55,0,15,0,1,57.043,2
"2561",161,1,0,1,NA,1,1,250,50,120,75,0,5,0,1,40.812,1
"2562",161,1,0,2,NA,1,1,345,45,120,35,0,5,0,1,40.812,2
"2577",162,1,0,1,NA,1,1,345,40,130,55,1,20,0,1,36.925,1
"2578",162,1,0,2,NA,1,1,300,35,140,45,1,20,0,1,36.925,1
"2593",163,1,0,1,NA,1,1,300,40,140,55,0,25,0,1,68.831,2
"2594",163,1,0,2,NA,1,1,300,45,155,65,0,20,0,1,68.831,1
"2657",167,1,0,1,NA,1,1,275,40,155,55,0,5,0,0,51.833,1
"2690",169,1,0,2,NA,1,1,275,40,130,65,1,20,0,1,30.38,2
"2722",171,1,0,2,NA,1,1,390,30,170,35,0,25,0,1,33.295,1
"2737",172,1,0,1,NA,1,1,345,35,130,65,0,5,0,0,28.397,2
"2738",172,1,0,2,NA,1,1,300,35,140,45,0,20,0,0,28.397,1
"2785",175,1,0,1,NA,1,1,275,50,140,35,0,15,0,1,61.076,2
"2786",175,1,0,2,NA,1,1,345,30,140,65,0,20,0,1,61.076,2
"2801",176,1,0,1,NA,1,1,300,35,155,35,0,15,0,1,29.945,1
"2802",176,1,0,2,NA,1,1,345,35,170,45,0,5,0,1,29.945,1
"2817",177,1,0,1,NA,1,1,275,50,120,45,0,5,0,1,36.181,2
"2833",178,1,0,1,NA,1,1,300,45,120,35,0,10,0,0,46.2,2
"2834",178,1,0,2,NA,1,1,250,40,170,45,0,10,0,0,46.2,1
"2866",180,1,0,2,NA,1,1,345,30,140,75,0,5,0,0,18.666,1
"2881",181,1,0,1,NA,1,1,275,45,170,35,0,10,0,0,25.878,2
"2882",181,1,0,2,NA,1,1,345,35,140,45,0,25,0,0,25.878,2
"2897",182,1,0,1,NA,1,1,275,45,130,35,0,15,0,0,50.083,1
"2898",182,1,0,2,NA,1,1,250,35,155,55,0,20,0,0,50.083,1
"2913",183,1,0,1,NA,1,1,345,40,130,35,0,20,0,0,71.12,1
"2914",183,1,0,2,NA,1,1,345,45,120,45,0,5,0,0,71.12,2
"2929",184,1,0,1,NA,1,1,390,30,140,65,0,25,0,0,30.92,1
"2962",186,1,0,2,NA,1,1,345,35,170,45,0,5,0,0,24.118,1
"2994",188,1,0,2,NA,1,1,250,45,140,65,0,25,0,1,53.116,2
"3025",190,1,0,1,NA,1,1,300,45,120,55,1,5,0,1,55.21,2
"3026",190,1,0,2,NA,1,1,300,45,170,35,1,5,0,1,55.21,2
"3041",191,1,0,1,NA,1,1,275,30,130,75,0,25,0,1,55.192,1
"3042",191,1,0,2,NA,1,1,275,45,140,65,0,15,0,1,55.192,1
"3089",194,1,0,1,NA,1,1,390,30,130,55,0,5,0,0,29.866,2
"3106",195,1,0,2,NA,1,1,300,45,140,45,0,10,0,0,69.859,1
"3121",196,1,0,1,NA,1,1,390,30,130,65,1,25,0,1,49.637,2
"3138",197,1,0,2,NA,1,1,275,30,155,65,0,25,0,1,66.895,1
"3154",198,1,0,2,NA,1,1,250,40,155,75,1,25,0,1,19.703,1
"3169",199,1,0,1,NA,1,1,390,40,155,65,1,25,0,0,42.289,1
"3170",199,1,0,2,NA,1,1,275,40,130,65,1,20,0,0,42.289,2
"3217",202,1,0,1,NA,1,1,250,50,140,55,0,25,0,0,31.18,1
"3218",202,1,0,2,NA,1,1,250,35,155,55,0,20,0,0,31.18,1
"3249",204,1,0,1,NA,1,1,300,40,170,45,0,15,0,0,15.49,2
"3281",206,1,0,1,NA,1,1,275,35,140,65,0,20,0,0,62.63,1
"3346",210,1,0,2,NA,1,1,345,30,140,75,0,5,0,1,62.368,1
"3377",212,1,0,1,NA,1,1,275,45,130,35,1,15,0,1,46.509,2
"3378",212,1,0,2,NA,1,1,390,35,140,75,1,20,0,1,46.509,1
"3409",214,1,0,1,NA,1,1,300,50,130,75,1,10,0,0,18.624,2
"3457",217,1,0,1,NA,1,1,275,40,155,55,0,5,0,0,21.322,1
"3458",217,1,0,2,NA,1,1,275,50,120,55,0,5,0,0,21.322,2
"3473",218,1,0,1,NA,1,1,300,30,140,75,0,25,0,0,56.031,1
"3474",218,1,0,2,NA,1,1,250,40,170,35,0,25,0,0,56.031,2
"3489",219,1,0,1,NA,1,1,345,45,120,45,0,5,0,1,57.743,1
"3490",219,1,0,2,NA,1,1,300,35,155,45,0,20,0,1,57.743,1
"3505",220,1,0,1,NA,1,1,250,50,120,45,0,20,0,0,36.679,2
"3506",220,1,0,2,NA,1,1,275,50,120,45,0,15,0,0,36.679,2
"3521",221,1,0,1,NA,1,1,390,40,170,35,0,5,0,1,42.123,2
"3522",221,1,0,2,NA,1,1,390,35,140,55,0,10,0,1,42.123,1
"3537",222,1,0,1,NA,1,1,275,40,140,55,0,20,0,0,56.027,2
"3538",222,1,0,2,NA,1,1,300,40,170,45,0,5,0,0,56.027,1
"3554",223,1,0,2,NA,1,1,275,50,120,75,0,15,0,1,27.69,1
"3569",224,1,0,1,NA,1,1,300,50,130,75,1,10,0,1,66.974,2
"3570",224,1,0,2,NA,1,1,275,50,155,45,1,10,0,1,66.974,2
"3601",226,1,0,1,NA,1,1,390,35,130,35,1,10,0,0,54.537,2
"3602",226,1,0,2,NA,1,1,250,50,120,65,1,10,0,0,54.537,2
"3633",228,1,0,1,NA,1,1,390,30,130,65,0,25,0,0,15.619,1
"3634",228,1,0,2,NA,1,1,250,40,170,45,0,10,0,0,15.619,2
"3650",229,1,0,2,NA,1,1,345,50,155,45,0,5,0,1,25.267,2
"3697",232,1,0,1,NA,1,1,390,35,140,45,0,20,0,1,74.743,2
"3698",232,1,0,2,NA,1,1,275,50,155,35,0,20,0,1,74.743,1
"3745",235,1,0,1,NA,1,1,390,40,130,75,0,15,0,0,24.28,1
"3746",235,1,0,2,NA,1,1,300,45,140,45,0,10,0,0,24.28,1
"3761",236,1,0,1,NA,1,1,300,35,155,35,1,15,0,0,44.753,2
"3762",236,1,0,2,NA,1,1,390,30,120,55,1,15,0,0,44.753,2
"3825",240,1,0,1,NA,1,1,390,35,130,75,0,25,0,1,61.566,1
"3826",240,1,0,2,NA,1,1,300,45,170,35,0,5,0,1,61.566,2
"3857",242,1,0,1,NA,1,1,390,30,130,75,0,10,0,0,18.007,1
"3937",247,1,0,1,NA,1,1,250,50,120,65,1,20,0,0,57.271,2
"3938",247,1,0,2,NA,1,1,300,45,170,45,1,5,0,0,57.271,2
"3953",248,1,0,1,NA,1,1,300,40,155,65,1,20,0,1,22.612,2
"3954",248,1,0,2,NA,1,1,345,35,170,35,1,15,0,1,22.612,1
"3969",249,1,0,1,NA,1,1,250,45,155,65,0,15,0,1,56.287,1
"3970",249,1,0,2,NA,1,1,275,40,130,65,0,20,0,1,56.287,2
"4002",251,1,0,2,NA,1,1,390,30,170,35,0,25,0,0,17.262,2
"4049",254,1,0,1,NA,1,1,390,30,130,55,1,5,0,0,31.569,1
"4066",255,1,0,2,NA,1,1,250,30,170,55,0,20,0,1,26.301,1
"4081",256,1,0,1,NA,1,1,250,30,140,65,0,15,0,0,66.659,2
"4082",256,1,0,2,NA,1,1,345,40,155,45,0,5,0,0,66.659,2
"4097",257,1,0,1,NA,1,1,250,50,120,65,0,20,0,1,32.156,1
"4113",258,1,0,1,NA,1,1,390,30,130,65,0,25,0,0,19.086,1
"4114",258,1,0,2,NA,1,1,250,40,155,75,0,25,0,0,19.086,1
"4130",259,1,0,2,NA,1,1,345,50,155,45,0,5,0,1,48.976,1
"4161",261,1,0,1,NA,1,1,250,50,120,75,1,5,0,1,67.008,1
"4162",261,1,0,2,NA,1,1,390,35,140,55,1,10,0,1,67.008,2
"4177",262,1,0,1,NA,1,1,275,45,130,35,0,15,0,0,27.299,1
"4178",262,1,0,2,NA,1,1,390,35,140,75,0,20,0,0,27.299,1
"4193",263,1,0,1,NA,1,1,250,45,120,75,0,10,0,1,15.548,1
"4194",263,1,0,2,NA,1,1,250,40,155,45,0,25,0,1,15.548,1
"4225",265,1,0,1,NA,1,1,250,45,170,35,0,25,0,1,22.858,1
"4226",265,1,0,2,NA,1,1,300,50,130,75,0,5,0,1,22.858,1
"4241",266,1,0,1,NA,1,1,390,30,130,65,0,25,0,0,61.576,1
"4242",266,1,0,2,NA,1,1,300,40,155,35,0,5,0,0,61.576,1
"4257",267,1,0,1,NA,1,1,300,45,155,65,0,20,0,1,70.197,2
"4273",268,1,0,1,NA,1,1,390,30,130,65,0,25,0,1,21.703,1
"4289",269,1,0,1,NA,1,1,390,40,155,65,0,25,0,0,47.787,1
"4305",270,1,0,1,NA,1,1,345,45,130,35,1,5,0,1,58.784,1
"4306",270,1,0,2,NA,1,1,250,50,130,65,1,10,0,1,58.784,2
"4337",272,1,0,1,NA,1,1,275,45,130,35,0,15,0,0,17.466,2
"4338",272,1,0,2,NA,1,1,250,35,155,55,0,20,0,0,17.466,1
"4369",274,1,0,1,NA,1,1,390,30,140,65,0,25,0,1,18.122,1
"4370",274,1,0,2,NA,1,1,300,50,140,65,0,5,0,1,18.122,2
"4385",275,1,0,1,NA,1,1,275,50,140,35,1,15,0,0,68.774,1
"4386",275,1,0,2,NA,1,1,300,35,170,35,1,25,0,0,68.774,2
"4401",276,1,0,1,NA,1,1,275,35,140,65,0,20,0,1,39.882,1
"4418",277,1,0,2,NA,1,1,345,30,140,65,1,15,0,1,19.874,2
"4449",279,1,0,1,NA,1,1,390,30,130,75,0,15,0,1,40.426,1
"4450",279,1,0,2,NA,1,1,300,35,155,45,0,20,0,1,40.426,2
"4481",281,1,0,1,NA,1,1,300,30,155,75,1,25,0,0,56.563,1
"4482",281,1,0,2,NA,1,1,390,35,140,55,1,10,0,0,56.563,2
"4497",282,1,0,1,NA,1,1,275,45,130,35,1,15,0,1,66.22,2
"4498",282,1,0,2,NA,1,1,345,45,130,45,1,10,0,1,66.22,2
"4513",283,1,0,1,NA,1,1,345,40,130,35,0,20,0,0,55.598,2
"4514",283,1,0,2,NA,1,1,250,40,155,45,0,25,0,0,55.598,1
"4545",285,1,0,1,NA,1,1,390,40,130,75,1,15,0,0,54.177,1
"4578",287,1,0,2,NA,1,1,275,40,170,35,0,15,0,1,51.254,1
"4641",291,1,0,1,NA,1,1,275,30,130,75,1,25,0,1,33.827,1
"4642",291,1,0,2,NA,1,1,275,45,140,65,1,15,0,1,33.827,1
"4705",295,1,0,1,NA,1,1,250,45,170,35,1,25,0,1,58.773,2
"4706",295,1,0,2,NA,1,1,275,50,155,55,1,20,0,1,58.773,2
"4721",296,1,0,1,NA,1,1,250,50,140,75,1,10,0,1,69.554,1
"4722",296,1,0,2,NA,1,1,345,35,170,45,1,5,0,1,69.554,1
"4801",301,1,0,1,NA,1,1,275,30,130,75,0,25,0,0,62.783,1
"4802",301,1,0,2,NA,1,1,345,35,140,45,0,25,0,0,62.783,2
"4833",303,1,0,1,NA,1,1,250,45,140,65,0,20,0,0,72.448,1
"4834",303,1,0,2,NA,1,1,250,45,155,55,0,20,0,0,72.448,1
"4849",304,1,0,1,NA,1,1,390,30,140,65,0,25,0,0,16.495,1
"4850",304,1,0,2,NA,1,1,300,50,140,65,0,5,0,0,16.495,1
"4881",306,1,0,1,NA,1,1,390,30,130,65,0,25,0,1,52.405,1
"4882",306,1,0,2,NA,1,1,345,35,170,45,0,5,0,1,52.405,1
"4897",307,1,0,1,NA,1,1,275,40,155,55,0,5,0,1,40.077,1
"4898",307,1,0,2,NA,1,1,390,30,120,65,0,15,0,1,40.077,2
"4913",308,1,0,1,NA,1,1,275,30,170,35,0,25,0,1,21.279,2
"4914",308,1,0,2,NA,1,1,345,35,155,35,0,10,0,1,21.279,2
"4945",310,1,0,1,NA,1,1,345,30,120,75,1,10,0,0,16.854,2
"4946",310,1,0,2,NA,1,1,300,45,170,35,1,5,0,0,16.854,1
"4961",311,1,0,1,NA,1,1,275,30,130,75,0,25,0,0,16.618,1
"4962",311,1,0,2,NA,1,1,390,30,170,35,0,25,0,0,16.618,1
"5009",314,1,0,1,NA,1,1,390,30,130,55,1,5,0,0,29.418,2
"5025",315,1,0,1,NA,1,1,275,50,140,35,1,15,0,1,69.803,2
"5026",315,1,0,2,NA,1,1,250,30,170,55,1,20,0,1,69.803,1
"5042",316,1,0,2,NA,1,1,275,50,155,55,0,15,0,0,22.343,2
"5073",318,1,0,1,NA,1,1,250,50,130,55,0,10,0,0,30.874,1
"5074",318,1,0,2,NA,1,1,300,40,170,65,0,25,0,0,30.874,1
"5105",320,1,0,1,NA,1,1,300,30,170,55,0,25,0,0,39.353,2
"5106",320,1,0,2,NA,1,1,275,50,120,45,0,20,0,0,39.353,1
"5121",321,1,0,1,NA,1,1,275,45,170,35,0,10,0,0,30.495,1
"5122",321,1,0,2,NA,1,1,300,45,140,55,0,10,0,0,30.495,1
"5138",322,1,0,2,NA,1,1,345,45,130,45,0,10,0,1,38.797,1
"5201",326,1,0,1,NA,1,1,300,35,155,35,0,15,0,0,68.083,1
"5202",326,1,0,2,NA,1,1,300,40,155,35,0,5,0,0,68.083,2
"5217",327,1,0,1,NA,1,1,275,40,155,55,1,5,0,0,27.982,2
"5233",328,1,0,1,NA,1,1,275,50,120,65,0,10,0,1,68.203,1
"5234",328,1,0,2,NA,1,1,345,35,170,35,0,15,0,1,68.203,1
"5249",329,1,0,1,NA,1,1,300,45,130,75,0,15,0,0,59.884,1
"5250",329,1,0,2,NA,1,1,300,35,155,45,0,20,0,0,59.884,1
"5265",330,1,0,1,NA,1,1,345,45,130,35,1,5,0,1,29.906,2
"5266",330,1,0,2,NA,1,1,300,45,170,35,1,5,0,1,29.906,2
"5281",331,1,0,1,NA,1,1,250,50,120,75,0,5,0,0,37.908,1
"5282",331,1,0,2,NA,1,1,390,35,140,55,0,10,0,0,37.908,1
"5329",334,1,0,1,NA,1,1,390,30,130,55,0,5,0,1,34.347,2
"5346",335,1,0,2,NA,1,1,275,50,155,55,0,20,0,1,34.503,2
"5378",337,1,0,2,NA,1,1,390,35,130,55,0,15,0,0,61.646,1
"5393",338,1,0,1,NA,1,1,275,30,170,35,0,25,0,1,71.089,1
"5394",338,1,0,2,NA,1,1,250,40,170,45,0,10,0,1,71.089,2
"5409",339,1,0,1,NA,1,1,300,45,130,75,0,15,0,1,74.004,1
"5410",339,1,0,2,NA,1,1,390,35,120,75,0,15,0,1,74.004,2
"5425",340,1,0,1,NA,1,1,345,30,120,75,0,10,0,1,16.038,1
"5426",340,1,0,2,NA,1,1,275,50,120,45,0,20,0,1,16.038,1
"5441",341,1,0,1,NA,1,1,275,30,130,75,0,25,0,0,22.449,1
"5442",341,1,0,2,NA,1,1,345,35,140,45,0,25,0,0,22.449,2
"5473",343,1,0,1,NA,1,1,345,40,130,35,1,20,0,1,16.919,1
"5474",343,1,0,2,NA,1,1,345,45,120,45,1,5,0,1,16.919,2
"5489",344,1,0,1,NA,1,1,345,40,140,45,0,10,0,1,18.616,1
"5490",344,1,0,2,NA,1,1,250,35,170,45,0,25,0,1,18.616,2
"5505",345,1,0,1,NA,1,1,390,40,130,75,0,15,0,1,43.945,1
"5506",345,1,0,2,NA,1,1,250,30,170,55,0,20,0,1,43.945,2
"5521",346,1,0,1,NA,1,1,390,35,130,35,0,10,0,0,45.228,2
"5522",346,1,0,2,NA,1,1,390,30,120,55,0,15,0,0,45.228,1
"5537",347,1,0,1,NA,1,1,275,50,120,45,0,5,0,1,32.224,2
"5553",348,1,0,1,NA,1,1,300,40,130,75,0,10,0,0,63.821,1
"5554",348,1,0,2,NA,1,1,345,35,155,35,0,10,0,0,63.821,2
"5569",349,1,0,1,NA,1,1,300,45,130,75,1,15,0,1,31.965,2
"5570",349,1,0,2,NA,1,1,275,50,155,35,1,10,0,1,31.965,2
"5602",351,1,0,2,NA,1,1,390,30,170,35,1,25,0,0,74.037,2
"5617",352,1,0,1,NA,1,1,300,40,170,35,0,25,0,0,40.441,2
"5618",352,1,0,2,NA,1,1,300,35,140,45,0,20,0,0,40.441,2
"5633",353,1,0,1,NA,1,1,345,40,130,35,0,20,0,0,39.643,1
"5634",353,1,0,2,NA,1,1,250,40,155,45,0,25,0,0,39.643,1
"5665",355,1,0,1,NA,1,1,275,40,170,35,0,25,0,1,52.511,2
"5681",356,1,0,1,NA,1,1,275,35,140,65,0,20,0,0,33.203,1
"5682",356,1,0,2,NA,1,1,345,40,155,45,0,5,0,0,33.203,2
"5697",357,1,0,1,NA,1,1,275,45,170,55,0,25,0,0,23.533,1
"5698",357,1,0,2,NA,1,1,275,50,120,55,0,5,0,0,23.533,1
"5713",358,1,0,1,NA,1,1,390,30,130,65,1,25,0,0,74.718,1
"5714",358,1,0,2,NA,1,1,250,40,155,75,1,25,0,0,74.718,1
"5730",359,1,0,2,NA,1,1,275,40,130,65,0,20,0,1,36.698,1
"5745",360,1,0,1,NA,1,1,300,30,170,55,1,25,0,0,74.101,1
"5746",360,1,0,2,NA,1,1,275,50,120,45,1,15,0,0,74.101,2
"5761",361,1,0,1,NA,1,1,250,40,170,35,0,25,0,1,44.532,2
"5762",361,1,0,2,NA,1,1,275,45,140,65,0,15,0,1,44.532,1
"5809",364,1,0,1,NA,1,1,390,30,140,65,1,25,0,1,20.318,1
"5810",364,1,0,2,NA,1,1,390,30,140,75,1,10,0,1,20.318,2
"5825",365,1,0,1,NA,1,1,300,40,170,35,1,5,0,0,33.745,1
"5857",367,1,0,1,NA,1,1,250,50,120,65,0,20,0,1,32.869,1
"5858",367,1,0,2,NA,1,1,275,40,170,35,0,15,0,1,32.869,1
"5874",368,1,0,2,NA,1,1,300,40,170,65,0,25,0,0,26.503,1
"5890",369,1,0,2,NA,1,1,390,35,120,55,0,10,0,1,26.331,2
"5906",370,1,0,2,NA,1,1,275,50,130,65,0,15,0,0,51.43,1
"5937",372,1,0,1,NA,1,1,275,45,130,35,1,15,0,1,33.592,2
"5938",372,1,0,2,NA,1,1,390,30,130,75,1,10,0,1,33.592,2
"5969",374,1,0,1,NA,1,1,390,35,155,55,1,15,0,1,74.621,1
"6001",376,1,0,1,NA,1,1,300,45,120,65,0,5,0,1,64.079,2
"6002",376,1,0,2,NA,1,1,275,40,170,55,0,25,0,1,64.079,1
"6017",377,1,0,1,NA,1,1,250,50,120,65,0,20,0,0,26.899,2
"6018",377,1,0,2,NA,1,1,345,30,140,65,0,15,0,0,26.899,1
"6033",378,1,0,1,NA,1,1,275,30,170,35,0,25,0,1,35.086,2
"6034",378,1,0,2,NA,1,1,345,35,170,35,0,15,0,1,35.086,1
"6050",379,1,0,2,NA,1,1,300,35,155,45,0,20,0,1,63.878,1
"6113",383,1,0,1,NA,1,1,345,40,130,35,1,20,0,1,69.215,2
"6114",383,1,0,2,NA,1,1,250,45,155,55,1,20,0,1,69.215,1
"6146",385,1,0,2,NA,1,1,345,30,140,65,1,20,0,0,23.828,1
"6177",387,1,0,1,NA,1,1,300,45,155,65,1,20,0,1,49.322,2
"6178",387,1,0,2,NA,1,1,275,50,120,55,1,5,0,1,49.322,1
"6193",388,1,0,1,NA,1,1,300,30,140,75,1,25,0,1,45.026,1
"6194",388,1,0,2,NA,1,1,250,40,155,75,1,25,0,1,45.026,2
"6209",389,1,0,1,NA,1,1,390,30,130,65,1,20,0,0,52.681,2
"6210",389,1,0,2,NA,1,1,300,30,155,45,1,25,0,0,52.681,2
"6225",390,1,0,1,NA,1,1,390,35,130,75,0,25,0,0,47.026,2
"6241",391,1,0,1,NA,1,1,390,30,140,55,1,5,0,1,22.468,2
"6242",391,1,0,2,NA,1,1,275,45,140,65,1,15,0,1,22.468,1
"6257",392,1,0,1,NA,1,1,300,40,170,35,0,25,0,1,43.826,1
"6258",392,1,0,2,NA,1,1,300,40,170,45,0,5,0,1,43.826,2
"6273",393,1,0,1,NA,1,1,275,45,130,55,1,20,0,0,67.391,2
"6305",395,1,0,1,NA,1,1,275,50,140,35,0,15,0,0,65.699,2
"6306",395,1,0,2,NA,1,1,345,30,140,65,0,20,0,0,65.699,2
"6337",397,1,0,1,NA,1,1,390,35,155,65,0,15,0,1,33.557,1
"6338",397,1,0,2,NA,1,1,390,30,120,65,0,15,0,1,33.557,1
"6369",399,1,0,1,NA,1,1,250,45,155,65,1,15,0,0,38.567,1
"6385",400,1,0,1,NA,1,1,300,45,120,55,0,5,0,1,30.211,2
"6386",400,1,0,2,NA,1,1,275,50,130,65,0,15,0,1,30.211,2
"6401",401,1,0,1,NA,1,1,275,45,170,35,0,10,0,0,28.703,1
"6402",401,1,0,2,NA,1,1,275,45,140,65,0,15,0,0,28.703,2
"6417",402,1,0,1,NA,1,1,390,30,130,75,0,10,0,0,49.091,1
"6418",402,1,0,2,NA,1,1,390,30,130,75,0,10,0,0,49.091,1
"6449",404,1,0,1,NA,1,1,345,40,140,45,0,10,0,1,19.093,2
"6450",404,1,0,2,NA,1,1,275,50,155,45,0,10,0,1,19.093,2
"6466",405,1,0,2,NA,1,1,345,30,140,65,0,20,0,1,45.762,1
"6481",406,1,0,1,NA,1,1,300,35,155,45,0,15,0,1,27.403,2
"6482",406,1,0,2,NA,1,1,275,50,155,55,0,15,0,1,27.403,1
"6497",407,1,0,1,NA,1,1,275,45,170,55,1,25,0,1,28.17,2
"6498",407,1,0,2,NA,1,1,300,45,170,45,1,5,0,1,28.17,2
"6513",408,1,0,1,NA,1,1,300,40,130,75,1,10,0,0,40.106,2
"6529",409,1,0,1,NA,1,1,390,30,130,75,1,15,0,1,58.758,2
"6530",409,1,0,2,NA,1,1,300,35,155,45,1,20,0,1,58.758,1
"6545",410,1,0,1,NA,1,1,250,50,120,45,0,20,0,0,30.873,1
"6561",411,1,0,1,NA,1,1,390,30,140,55,0,5,0,1,46.828,1
"6562",411,1,0,2,NA,1,1,250,50,130,75,0,15,0,1,46.828,1
"6577",412,1,0,1,NA,1,1,390,35,140,45,0,20,0,1,53.185,2
"6578",412,1,0,2,NA,1,1,300,40,170,45,0,5,0,1,53.185,2
"6594",413,1,0,2,NA,1,1,300,45,155,65,0,20,0,0,22.597,2
"6609",414,1,0,1,NA,1,1,345,40,130,45,0,10,0,1,68.107,1
"6625",415,1,0,1,NA,1,1,275,40,170,35,1,25,0,1,43.582,1
"6658",417,1,0,2,NA,1,1,390,30,120,65,1,15,0,0,35.553,2
"6721",421,1,0,1,NA,1,1,275,45,170,35,0,10,0,1,56.514,1
"6722",421,1,0,2,NA,1,1,250,50,130,75,0,15,0,1,56.514,2
"6785",425,1,0,1,NA,1,1,300,40,170,35,1,5,0,0,47.225,2
"6801",426,1,0,1,NA,1,1,275,35,140,65,0,20,0,0,51.613,1
"6802",426,1,0,2,NA,1,1,250,50,120,65,0,10,0,0,51.613,1
"6818",427,1,0,2,NA,1,1,390,35,130,55,0,15,0,1,38.832,2
"6833",428,1,0,1,NA,1,1,300,45,120,35,1,10,0,1,53.302,1
"6834",428,1,0,2,NA,1,1,390,35,170,35,1,25,0,1,53.302,2
"6849",429,1,0,1,NA,1,1,345,45,120,45,0,5,0,1,24.934,2
"6850",429,1,0,2,NA,1,1,275,50,155,35,0,10,0,1,24.934,2
"6865",430,1,0,1,NA,1,1,345,45,130,35,0,5,0,0,50.098,1
"6866",430,1,0,2,NA,1,1,275,50,120,45,0,15,0,0,50.098,2
"6881",431,1,0,1,NA,1,1,275,50,120,75,0,15,0,0,45.167,2
"6882",431,1,0,2,NA,1,1,390,35,140,55,0,10,0,0,45.167,2
"6913",433,1,0,1,NA,1,1,275,45,130,55,0,20,0,0,46.663,2
"6929",434,1,0,1,NA,1,1,300,40,170,45,1,15,0,0,63.957,1
"7009",439,1,0,1,NA,1,1,390,30,130,65,1,20,0,1,56.223,2
"7010",439,1,0,2,NA,1,1,345,50,155,45,1,5,0,1,56.223,1
"7042",441,1,0,2,NA,1,1,345,35,140,45,1,25,0,1,63.16,1
"7057",442,1,0,1,NA,1,1,390,35,140,45,1,20,0,0,21.144,2
"7058",442,1,0,2,NA,1,1,300,40,170,45,1,5,0,0,21.144,2
"7073",443,1,0,1,NA,1,1,345,35,130,75,0,15,0,0,40.431,2
"7074",443,1,0,2,NA,1,1,275,50,120,75,0,15,0,0,40.431,1
"7089",444,1,0,1,NA,1,1,300,40,170,45,0,15,0,1,50.57,2
"7105",445,1,0,1,NA,1,1,300,40,170,35,0,5,0,0,47.753,1
"7106",445,1,0,2,NA,1,1,250,50,120,75,0,10,0,0,47.753,1
"7137",447,1,0,1,NA,1,1,300,45,155,65,0,20,0,0,29.759,2
"7138",447,1,0,2,NA,1,1,390,30,120,65,0,15,0,0,29.759,1
"7169",449,1,0,1,NA,1,1,390,30,130,65,0,20,0,1,74.891,2
"7170",449,1,0,2,NA,1,1,300,35,155,45,0,20,0,1,74.891,1
"7217",452,1,0,1,NA,1,1,300,40,170,35,0,25,0,0,37.779,2
"7218",452,1,0,2,NA,1,1,345,45,130,45,0,10,0,0,37.779,1
"7250",454,1,0,2,NA,1,1,250,50,140,65,0,20,0,0,44.258,1
"7281",456,1,0,1,NA,1,1,250,30,140,65,0,15,0,1,30.884,2
"7282",456,1,0,2,NA,1,1,275,50,155,55,0,15,0,1,30.884,2
"7298",457,1,0,2,NA,1,1,275,40,170,35,1,15,0,0,61.447,2
"7329",459,1,0,1,NA,1,1,250,45,120,75,1,5,0,0,28.677,2
"7330",459,1,0,2,NA,1,1,275,40,130,65,1,20,0,0,28.677,1
"7345",460,1,0,1,NA,1,1,390,35,130,75,0,25,0,1,33.009,2
"7346",460,1,0,2,NA,1,1,275,50,130,65,0,15,0,1,33.009,2
"7378",462,1,0,2,NA,1,1,250,35,155,55,0,20,0,0,24.334,2
"7393",463,1,0,1,NA,1,1,345,40,130,35,1,20,0,0,29.135,1
"7394",463,1,0,2,NA,1,1,345,30,170,35,1,15,0,0,29.135,2
"7409",464,1,0,1,NA,1,1,345,40,120,45,0,10,0,1,35.685,2
"7457",467,1,0,1,NA,1,1,250,50,120,65,0,20,0,0,72.437,1
"7473",468,1,0,1,NA,1,1,250,50,130,55,0,10,0,0,25.644,1
"7474",468,1,0,2,NA,1,1,250,45,140,65,0,25,0,0,25.644,1
"7489",469,1,0,1,NA,1,1,345,45,120,45,1,5,0,0,59.386,2
"7490",469,1,0,2,NA,1,1,275,40,130,65,1,20,0,0,59.386,2
"7522",471,1,0,2,NA,1,1,345,35,140,45,1,25,0,0,34.403,2
"7553",473,1,0,1,NA,1,1,390,30,140,55,0,15,0,0,35.355,1
"7554",473,1,0,2,NA,1,1,345,45,120,45,0,5,0,0,35.355,1
"7602",476,1,0,2,NA,1,1,345,35,120,75,0,10,0,1,73.804,1
"7617",477,1,0,1,NA,1,1,250,50,120,65,0,20,0,0,57.887,2
"7618",477,1,0,2,NA,1,1,275,30,155,65,0,25,0,0,57.887,2
"7633",478,1,0,1,NA,1,1,300,40,130,75,1,10,0,1,68.155,1
"7681",481,1,0,1,NA,1,1,390,40,170,35,1,5,0,0,21.508,1
"7682",481,1,0,2,NA,1,1,390,30,170,35,1,25,0,0,21.508,1
"7730",484,1,0,2,NA,1,1,390,30,120,65,1,25,0,0,17.96,2
"7745",485,1,0,1,NA,1,1,275,40,170,35,0,25,0,0,36.426,1
"7746",485,1,0,2,NA,1,1,250,30,170,55,0,20,0,0,36.426,1
"7761",486,1,0,1,NA,1,1,275,35,140,65,1,20,0,0,55.048,2
"7793",488,1,0,1,NA,1,1,300,45,120,35,0,10,0,0,36.233,2
"7794",488,1,0,2,NA,1,1,250,45,140,65,0,25,0,0,36.233,1
"7809",489,1,0,1,NA,1,1,250,45,155,65,0,15,0,0,51.977,1
"7810",489,1,0,2,NA,1,1,390,35,120,55,0,10,0,0,51.977,1
"7842",491,1,0,2,NA,1,1,250,50,130,75,1,15,0,0,58.01,1
"7857",492,1,0,1,NA,1,1,345,35,130,65,0,5,0,0,66.518,1
"7874",493,1,0,2,NA,1,1,250,45,155,55,0,20,0,0,17.777,1
"7905",495,1,0,1,NA,1,1,300,40,170,35,0,5,0,1,54.07,2
"7906",495,1,0,2,NA,1,1,250,50,120,75,0,10,0,1,54.07,1
"7921",496,1,0,1,NA,1,1,390,35,130,35,0,10,0,0,23.424,2
"7937",497,1,0,1,NA,1,1,275,40,155,55,0,5,0,0,65.335,1
"7938",497,1,0,2,NA,1,1,275,30,155,65,0,25,0,0,65.335,1
"7954",498,1,0,2,NA,1,1,345,35,170,35,0,15,0,1,37.162,2
"7969",499,1,0,1,NA,1,1,390,30,130,75,1,15,0,1,21.154,1
"7985",500,1,0,1,NA,1,1,390,35,155,55,1,15,0,0,19.91,1
"7986",500,1,0,2,NA,1,1,275,50,120,45,1,20,0,0,19.91,2
